{
    "max": {
        "apply_filter": 39.396803,
        "build_filter": 0.682599,
        "camera": null,
        "detect_floor": 17.765143,
        "extract_stability_metrics": 0.395888,
        "imu": 13.31311,
        "measurement_queue_produce": 12.444995,
        "network": 76.75759,
        "pointcloud": 15.608697,
        "process_queue_produce": 0.112771,
        "recording_body": null,
        "recording_imu": null,
        "save_body": 13.511649,
        "save_imu": 0.06097,
        "step": 39.22564,
        "visualize": 32.034362
    },
    "mean": {
        "apply_filter": 10.122695993852469,
        "build_filter": 0.0013653516393442617,
        "camera": null,
        "detect_floor": 3.3584562602459047,
        "extract_stability_metrics": 0.02365858015580155,
        "imu": 0.08524178228782285,
        "measurement_queue_produce": 0.05728511475409831,
        "network": 40.67077211967211,
        "pointcloud": 1.7571755213114755,
        "process_queue_produce": 0.008158260655737711,
        "recording_body": null,
        "recording_imu": null,
        "save_body": 0.25869792049180346,
        "save_imu": 0.015186330463304629,
        "step": 10.041209250512502,
        "visualize": 1.289531349610179
    },
    "min": {
        "apply_filter": 0.82987,
        "build_filter": 0.000393,
        "camera": null,
        "detect_floor": 0.066413,
        "extract_stability_metrics": 0.018032,
        "imu": 0.003486,
        "measurement_queue_produce": 0.017817,
        "network": 23.600296,
        "pointcloud": 1.12207,
        "process_queue_produce": 0.002605,
        "recording_body": null,
        "recording_imu": null,
        "save_body": 0.177223,
        "save_imu": 0.00981,
        "step": 7.552186,
        "visualize": 0.536422
    },
    "var": {
        "apply_filter": 5.572418520195163,
        "build_filter": 0.00019137974673238812,
        "camera": 0.0,
        "detect_floor": 1.5351403065754423,
        "extract_stability_metrics": 7.683663036754703e-05,
        "imu": 0.10678823538041095,
        "measurement_queue_produce": 0.1180300290401214,
        "network": 57.54760983761461,
        "pointcloud": 0.48474743858172337,
        "process_queue_produce": 3.699835149988637e-05,
        "recording_body": 0.0,
        "recording_imu": 0.0,
        "save_body": 0.07478594905306218,
        "save_imu": 1.374786726892807e-05,
        "step": 5.457138206089191,
        "visualize": 1.9220920373465529
    }
}
