{
    "max": {
        "apply_filter": 31.60439,
        "build_filter": 0.717232,
        "camera": null,
        "detect_floor": 18.393598,
        "extract_stability_metrics": 13.175,
        "imu": 13.051571,
        "measurement_queue_produce": 7.061031,
        "network": 84.123646,
        "pointcloud": 14.676384,
        "process_queue_produce": 6.028038,
        "recording_body": null,
        "recording_imu": null,
        "save_body": 3.631296,
        "save_imu": 0.10611,
        "step": 31.551791,
        "visualize": 25.677642
    },
    "mean": {
        "apply_filter": 10.26708431188288,
        "build_filter": 0.001436607422540002,
        "camera": null,
        "detect_floor": 3.3528921893088257,
        "extract_stability_metrics": 0.028351584468664873,
        "imu": 0.09443793496765412,
        "measurement_queue_produce": 0.04892799489274765,
        "network": 40.13358726285332,
        "pointcloud": 1.759775149131767,
        "process_queue_produce": 0.010326612189308812,
        "recording_body": null,
        "recording_imu": null,
        "save_body": 0.2602767442969015,
        "save_imu": 0.015202906707524734,
        "step": 10.17993168460489,
        "visualize": 1.3697716846049097
    },
    "min": {
        "apply_filter": 0.867744,
        "build_filter": 0.000414,
        "camera": null,
        "detect_floor": 1.395896,
        "extract_stability_metrics": 0.016766,
        "imu": 0.00331,
        "measurement_queue_produce": 0.017893,
        "network": 25.860562,
        "pointcloud": 1.111245,
        "process_queue_produce": 0.002696,
        "recording_body": null,
        "recording_imu": null,
        "save_body": 0.158436,
        "save_imu": 0.009191,
        "step": 7.539552,
        "visualize": 0.547328
    },
    "var": {
        "apply_filter": 5.7747207138179,
        "build_filter": 0.00018219444263976747,
        "camera": 0.0,
        "detect_floor": 1.5599898403333332,
        "extract_stability_metrics": 0.05893084298385452,
        "imu": 0.18093651561681465,
        "measurement_queue_produce": 0.02506611155219722,
        "network": 58.1752244466397,
        "pointcloud": 0.3339951052058609,
        "process_queue_produce": 0.012372327219770175,
        "recording_body": 0.0,
        "recording_imu": 0.0,
        "save_body": 0.011955477283349118,
        "save_imu": 1.3305245002873938e-05,
        "step": 5.57103584145901,
        "visualize": 2.22701605926964
    }
}
