{
    "max": {
        "apply_filter": 66.180145,
        "build_filter": 0.74588,
        "camera": null,
        "detect_floor": 15.422976,
        "extract_stability_metrics": 0.136755,
        "imu": 12.908413,
        "measurement_queue_produce": 1.806378,
        "network": 76.648725,
        "pointcloud": 11.661256,
        "process_queue_produce": 13.241827,
        "recording_body": null,
        "recording_imu": null,
        "save_body": 5.195267,
        "save_imu": 0.049154,
        "step": 66.107794,
        "visualize": 19.931935
    },
    "mean": {
        "apply_filter": 10.234683964836195,
        "build_filter": 0.0015465679190751426,
        "camera": null,
        "detect_floor": 3.3122664985549113,
        "extract_stability_metrics": 0.02405300771084333,
        "imu": 0.1003398771676301,
        "measurement_queue_produce": 0.0460261131984585,
        "network": 40.371616116570294,
        "pointcloud": 1.7141791127167594,
        "process_queue_produce": 0.015684256262042378,
        "recording_body": null,
        "recording_imu": null,
        "save_body": 0.2572463251445085,
        "save_imu": 0.015202754816955735,
        "step": 10.157562907469869,
        "visualize": 1.3007423016867468
    },
    "min": {
        "apply_filter": 0.904754,
        "build_filter": 0.000403,
        "camera": null,
        "detect_floor": 1.488879,
        "extract_stability_metrics": 0.017521,
        "imu": 0.003291,
        "measurement_queue_produce": 0.016627,
        "network": 21.573717,
        "pointcloud": 1.13177,
        "process_queue_produce": 0.002856,
        "recording_body": null,
        "recording_imu": null,
        "save_body": 0.169362,
        "save_imu": 0.010169,
        "step": 7.391446,
        "visualize": 0.519477
    },
    "var": {
        "apply_filter": 7.493044092242658,
        "build_filter": 0.0002684818069655044,
        "camera": 0.0,
        "detect_floor": 1.8032652804009695,
        "extract_stability_metrics": 3.324312466628583e-05,
        "imu": 0.3284776202941096,
        "measurement_queue_produce": 0.0038334410467250153,
        "network": 61.47437782071966,
        "pointcloud": 0.3429177560623376,
        "process_queue_produce": 0.08732936583094358,
        "recording_body": 0.0,
        "recording_imu": 0.0,
        "save_body": 0.014045694093590156,
        "save_imu": 9.105067835277993e-06,
        "step": 7.401038541388147,
        "visualize": 1.3131499894025018
    }
}
