{
    "max": {
        "apply_filter": 59.496587,
        "build_filter": 0.709729,
        "camera": null,
        "detect_floor": 27.768249,
        "extract_stability_metrics": 0.047154,
        "imu": 18.773559,
        "measurement_queue_produce": 14.460496,
        "network": 141.482631,
        "pointcloud": 12.77569,
        "process_queue_produce": 7.283626,
        "recording_body": null,
        "recording_imu": null,
        "save_body": 4.018694,
        "save_imu": 0.097755,
        "step": 59.348528,
        "visualize": 20.960998
    },
    "mean": {
        "apply_filter": 10.688512911889582,
        "build_filter": 0.0014898243099787686,
        "camera": null,
        "detect_floor": 3.5612729002123147,
        "extract_stability_metrics": 0.023808892724375988,
        "imu": 0.0977679044585988,
        "measurement_queue_produce": 0.0771153524416136,
        "network": 43.21553060668786,
        "pointcloud": 1.7624707558386437,
        "process_queue_produce": 0.015811915074309964,
        "recording_body": null,
        "recording_imu": null,
        "save_body": 0.2650641204883232,
        "save_imu": 0.015896325902335414,
        "step": 10.609355108337791,
        "visualize": 1.3575811423260735
    },
    "min": {
        "apply_filter": 0.851713,
        "build_filter": 0.000445,
        "camera": null,
        "detect_floor": 1.443133,
        "extract_stability_metrics": 0.017468,
        "imu": 0.003579,
        "measurement_queue_produce": 0.016885,
        "network": 23.73212,
        "pointcloud": 1.127328,
        "process_queue_produce": 0.002574,
        "recording_body": null,
        "recording_imu": null,
        "save_body": 0.171784,
        "save_imu": 0.009839,
        "step": 7.549479,
        "visualize": 0.579401
    },
    "var": {
        "apply_filter": 9.822100936999666,
        "build_filter": 0.00026766538475244214,
        "camera": 0.0,
        "detect_floor": 2.5085935572104403,
        "extract_stability_metrics": 1.4913796172332795e-05,
        "imu": 0.3144861197131317,
        "measurement_queue_produce": 0.34465068988490066,
        "network": 85.42656479277032,
        "pointcloud": 0.3760712508466176,
        "process_queue_produce": 0.03637141863286702,
        "recording_body": 0.0,
        "recording_imu": 0.0,
        "save_body": 0.012787850769893593,
        "save_imu": 1.543655230902601e-05,
        "step": 9.724461690875275,
        "visualize": 2.033275900284521
    }
}
