{
    "max": {
        "apply_filter": 46.899217,
        "build_filter": 0.728544,
        "camera": null,
        "detect_floor": 23.655639,
        "extract_stability_metrics": 0.157643,
        "imu": 11.94498,
        "measurement_queue_produce": 11.613894,
        "network": 83.969916,
        "pointcloud": 15.971579,
        "process_queue_produce": 11.314556,
        "recording_body": null,
        "recording_imu": null,
        "save_body": 11.306299,
        "save_imu": 1.224575,
        "step": 46.724044,
        "visualize": 21.964789
    },
    "mean": {
        "apply_filter": 10.203870070997402,
        "build_filter": 0.0013082150043115797,
        "camera": null,
        "detect_floor": 3.523951080195468,
        "extract_stability_metrics": 0.02369015238642899,
        "imu": 0.07945835067548178,
        "measurement_queue_produce": 0.053929815464213715,
        "network": 40.51784329548721,
        "pointcloud": 1.746104267318195,
        "process_queue_produce": 0.013029285714285719,
        "recording_body": null,
        "recording_imu": null,
        "save_body": 0.26545675567691873,
        "save_imu": 0.015577592411612513,
        "step": 10.116591092869456,
        "visualize": 1.393443908855664
    },
    "min": {
        "apply_filter": 0.886235,
        "build_filter": 0.00043,
        "camera": null,
        "detect_floor": 1.314034,
        "extract_stability_metrics": 0.016352,
        "imu": 0.003465,
        "measurement_queue_produce": 0.016799,
        "network": 22.428666,
        "pointcloud": 1.088612,
        "process_queue_produce": 0.002485,
        "recording_body": null,
        "recording_imu": null,
        "save_body": 0.171252,
        "save_imu": 0.00978,
        "step": 7.173188,
        "visualize": 0.478808
    },
    "var": {
        "apply_filter": 6.39317871774775,
        "build_filter": 0.00015746739643104617,
        "camera": 0.0,
        "detect_floor": 3.109124127843259,
        "extract_stability_metrics": 2.806407744240302e-05,
        "imu": 0.08115347997242614,
        "measurement_queue_produce": 0.08320923814255733,
        "network": 59.248713767539044,
        "pointcloud": 0.3520300086713102,
        "process_queue_produce": 0.04724348626449706,
        "recording_body": 0.0,
        "recording_imu": 0.0,
        "save_body": 0.04343313156861426,
        "save_imu": 0.000431263959982761,
        "step": 6.256105341496144,
        "visualize": 2.5909974794975104
    }
}
