{
    "max": {
        "apply_filter": 46.182797,
        "build_filter": 0.731158,
        "camera": null,
        "detect_floor": 15.590037,
        "extract_stability_metrics": 0.06755,
        "imu": 12.258461,
        "measurement_queue_produce": 10.489655,
        "network": 87.364586,
        "pointcloud": 10.693388,
        "process_queue_produce": 0.213867,
        "recording_body": null,
        "recording_imu": null,
        "save_body": 1.785739,
        "save_imu": 1.616,
        "step": 46.124525,
        "visualize": 20.854567
    },
    "mean": {
        "apply_filter": 10.227091680372387,
        "build_filter": 0.0014288153607447639,
        "camera": null,
        "detect_floor": 3.3193825833979824,
        "extract_stability_metrics": 0.023879645712068253,
        "imu": 0.0858921617532971,
        "measurement_queue_produce": 0.05452095810705978,
        "network": 40.78794819006975,
        "pointcloud": 1.74151370364624,
        "process_queue_produce": 0.007955831652443734,
        "recording_body": null,
        "recording_imu": null,
        "save_body": 0.25786440457719173,
        "save_imu": 0.01591306826997671,
        "step": 10.143367117190534,
        "visualize": 1.339297899883584
    },
    "min": {
        "apply_filter": 0.88399,
        "build_filter": 0.00047,
        "camera": null,
        "detect_floor": 1.379907,
        "extract_stability_metrics": 0.017997,
        "imu": 0.003247,
        "measurement_queue_produce": 0.017351,
        "network": 23.98676,
        "pointcloud": 1.13912,
        "process_queue_produce": 0.002738,
        "recording_body": null,
        "recording_imu": null,
        "save_body": 0.163415,
        "save_imu": 0.009722,
        "step": 7.572844,
        "visualize": 0.603487
    },
    "var": {
        "apply_filter": 5.679106503457403,
        "build_filter": 0.00020802847958948802,
        "camera": 0.0,
        "detect_floor": 1.6518784826218151,
        "extract_stability_metrics": 2.253410629329778e-05,
        "imu": 0.11333845176661467,
        "measurement_queue_produce": 0.07002181577837785,
        "network": 67.36707767831561,
        "pointcloud": 0.30552262021404575,
        "process_queue_produce": 4.586299172950593e-05,
        "recording_body": 0.0,
        "recording_imu": 0.0,
        "save_body": 0.003879180823118758,
        "save_imu": 0.0010046368014536204,
        "step": 5.5430522342714195,
        "visualize": 1.8097028818368415
    }
}
