{
    "max": {
        "apply_filter": 43.96729,
        "build_filter": 1.882979,
        "camera": null,
        "detect_floor": 18.153505,
        "extract_stability_metrics": 0.670152,
        "imu": 14.062912,
        "measurement_queue_produce": 11.451681,
        "network": 77.513274,
        "pointcloud": 11.59855,
        "process_queue_produce": 3.345826,
        "recording_body": null,
        "recording_imu": null,
        "save_body": 8.569925,
        "save_imu": 1.208355,
        "step": 43.912635,
        "visualize": 19.242175
    },
    "mean": {
        "apply_filter": 10.248442781120346,
        "build_filter": 0.0017141282849239344,
        "camera": null,
        "detect_floor": 3.297951854771781,
        "extract_stability_metrics": 0.024007127291594585,
        "imu": 0.08174222786998613,
        "measurement_queue_produce": 0.053174184647302884,
        "network": 40.01791956881046,
        "pointcloud": 1.725969867911474,
        "process_queue_produce": 0.010205622752420472,
        "recording_body": null,
        "recording_imu": null,
        "save_body": 0.259185803250346,
        "save_imu": 0.015583193637621017,
        "step": 10.170132396748526,
        "visualize": 1.3379363497059866
    },
    "min": {
        "apply_filter": 2.087909,
        "build_filter": 0.000348,
        "camera": null,
        "detect_floor": 1.4291,
        "extract_stability_metrics": 0.017196,
        "imu": 0.003334,
        "measurement_queue_produce": 0.017128,
        "network": 24.677015,
        "pointcloud": 1.123159,
        "process_queue_produce": 0.002499,
        "recording_body": null,
        "recording_imu": null,
        "save_body": 0.166354,
        "save_imu": 0.010247,
        "step": 7.403199,
        "visualize": 0.594615
    },
    "var": {
        "apply_filter": 6.4833962660702324,
        "build_filter": 0.0012254654104072692,
        "camera": 0.0,
        "detect_floor": 1.6880768963384323,
        "extract_stability_metrics": 0.00016575783024261543,
        "imu": 0.07431941317398712,
        "measurement_queue_produce": 0.07449152894883966,
        "network": 60.061862892838754,
        "pointcloud": 0.2846704065850769,
        "process_queue_produce": 0.006420134568944107,
        "recording_body": 0.0,
        "recording_imu": 0.0,
        "save_body": 0.03139232360149051,
        "save_imu": 0.0005104839555564048,
        "step": 6.414843374634807,
        "visualize": 1.8725081784341018
    }
}
