{
    "max": {
        "apply_filter": 51.130964,
        "build_filter": 0.705099,
        "camera": null,
        "detect_floor": 13.00146,
        "extract_stability_metrics": 0.047602,
        "imu": 13.730104,
        "measurement_queue_produce": 14.044851,
        "network": 78.298916,
        "pointcloud": 12.77056,
        "process_queue_produce": 0.086325,
        "recording_body": null,
        "recording_imu": null,
        "save_body": 6.604149,
        "save_imu": 0.050296,
        "step": 51.05235,
        "visualize": 22.803144
    },
    "mean": {
        "apply_filter": 10.484063812456265,
        "build_filter": 0.001644783764870538,
        "camera": null,
        "detect_floor": 3.247755088873335,
        "extract_stability_metrics": 0.02448937675070029,
        "imu": 0.09433731070678805,
        "measurement_queue_produce": 0.07117913925822254,
        "network": 39.772668688593406,
        "pointcloud": 1.7279114576627015,
        "process_queue_produce": 0.009052890832750177,
        "recording_body": null,
        "recording_imu": null,
        "save_body": 0.25549300419874105,
        "save_imu": 0.014856578726382075,
        "step": 10.408502520308133,
        "visualize": 1.438185042717088
    },
    "min": {
        "apply_filter": 0.855705,
        "build_filter": 0.000462,
        "camera": null,
        "detect_floor": 1.455921,
        "extract_stability_metrics": 0.016686,
        "imu": 0.003531,
        "measurement_queue_produce": 0.018132,
        "network": 23.050101,
        "pointcloud": 1.102791,
        "process_queue_produce": 0.00292,
        "recording_body": null,
        "recording_imu": null,
        "save_body": 0.17137,
        "save_imu": 0.009827,
        "step": 7.539123,
        "visualize": 0.561715
    },
    "var": {
        "apply_filter": 8.755240331716067,
        "build_filter": 0.00034812715463458335,
        "camera": 0.0,
        "detect_floor": 1.2541115594235297,
        "extract_stability_metrics": 2.4252986739529163e-05,
        "imu": 0.2569441047997758,
        "measurement_queue_produce": 0.29048125740206293,
        "network": 58.47507024684013,
        "pointcloud": 0.38418808211497263,
        "process_queue_produce": 5.063991508331232e-05,
        "recording_body": 0.0,
        "recording_imu": 0.0,
        "save_body": 0.031296699398875326,
        "save_imu": 1.1486983426045714e-05,
        "step": 8.63775247538374,
        "visualize": 2.7789363420214297
    }
}
