{
    "max": {
        "apply_filter": 37.311565,
        "build_filter": 0.684714,
        "camera": null,
        "detect_floor": 23.80093,
        "extract_stability_metrics": 11.42995,
        "imu": 13.449152,
        "measurement_queue_produce": 12.148102,
        "network": 89.973975,
        "pointcloud": 14.219443,
        "process_queue_produce": 0.504865,
        "recording_body": null,
        "recording_imu": null,
        "save_body": 0.872877,
        "save_imu": 0.05272,
        "step": 36.928596,
        "visualize": 23.715038
    },
    "mean": {
        "apply_filter": 10.291502538222737,
        "build_filter": 0.0014523628249902998,
        "camera": null,
        "detect_floor": 3.3400405149398473,
        "extract_stability_metrics": 0.028294632375776393,
        "imu": 0.08780753046177735,
        "measurement_queue_produce": 0.050360114862242934,
        "network": 40.464048440822644,
        "pointcloud": 1.758016844004656,
        "process_queue_produce": 0.008582604967015905,
        "recording_body": null,
        "recording_imu": null,
        "save_body": 0.25354429103608855,
        "save_imu": 0.015133583624369425,
        "step": 10.208379727872677,
        "visualize": 1.3657747503881976
    },
    "min": {
        "apply_filter": 0.827238,
        "build_filter": 0.000468,
        "camera": null,
        "detect_floor": 1.491184,
        "extract_stability_metrics": 0.018172,
        "imu": 0.00307,
        "measurement_queue_produce": 0.016857,
        "network": 21.721172,
        "pointcloud": 1.129369,
        "process_queue_produce": 0.002749,
        "recording_body": null,
        "recording_imu": null,
        "save_body": 0.180742,
        "save_imu": 0.0105,
        "step": 7.560085,
        "visualize": 0.497958
    },
    "var": {
        "apply_filter": 5.909866911734933,
        "build_filter": 0.00018229697763344588,
        "camera": 0.0,
        "detect_floor": 1.9108240181400502,
        "extract_stability_metrics": 0.05052987522075435,
        "imu": 0.13437418961121766,
        "measurement_queue_produce": 0.05836820933861561,
        "network": 54.609258443750804,
        "pointcloud": 0.3900798172724726,
        "process_queue_produce": 0.00013031514799839193,
        "recording_body": 0.0,
        "recording_imu": 0.0,
        "save_body": 0.002233303807611694,
        "save_imu": 9.838739449623065e-06,
        "step": 5.765934633266259,
        "visualize": 2.1290203848389475
    }
}
