{
    "max": {
        "apply_filter": 38.196727,
        "build_filter": 1.310453,
        "camera": null,
        "detect_floor": 19.910094,
        "extract_stability_metrics": 0.055332,
        "imu": 11.536374,
        "measurement_queue_produce": 2.479986,
        "network": 97.063544,
        "pointcloud": 15.059837,
        "process_queue_produce": 5.090825,
        "recording_body": null,
        "recording_imu": null,
        "save_body": 5.14719,
        "save_imu": 0.055202,
        "step": 38.060269,
        "visualize": 26.099958
    },
    "mean": {
        "apply_filter": 10.254795114875588,
        "build_filter": 0.0021737924827951254,
        "camera": null,
        "detect_floor": 3.410519569084174,
        "extract_stability_metrics": 0.023756323622881343,
        "imu": 0.09179178495762712,
        "measurement_queue_produce": 0.045635078877713155,
        "network": 41.021133452091114,
        "pointcloud": 1.7337019280042354,
        "process_queue_produce": 0.011365185283218622,
        "recording_body": null,
        "recording_imu": null,
        "save_body": 0.2601052503970358,
        "save_imu": 0.015427638241525425,
        "step": 10.177196121822027,
        "visualize": 1.3806773548728823
    },
    "min": {
        "apply_filter": 0.853621,
        "build_filter": 0.00044,
        "camera": null,
        "detect_floor": 0.306966,
        "extract_stability_metrics": 0.017912,
        "imu": 0.003436,
        "measurement_queue_produce": 0.016122,
        "network": 23.951692,
        "pointcloud": 1.111989,
        "process_queue_produce": 0.002291,
        "recording_body": null,
        "recording_imu": null,
        "save_body": 0.181406,
        "save_imu": 0.011066,
        "step": 7.56307,
        "visualize": 0.618889
    },
    "var": {
        "apply_filter": 5.755309966441112,
        "build_filter": 0.0011766440442672974,
        "camera": 0.0,
        "detect_floor": 2.2397891018338436,
        "extract_stability_metrics": 2.06521524638402e-05,
        "imu": 0.16212051387130416,
        "measurement_queue_produce": 0.005952055135920155,
        "network": 61.25244936732844,
        "pointcloud": 0.37531333685364854,
        "process_queue_produce": 0.013726820469662709,
        "recording_body": 0.0,
        "recording_imu": 0.0,
        "save_body": 0.015879703168561726,
        "save_imu": 1.0314250524599341e-05,
        "step": 5.654453057559045,
        "visualize": 2.128249823408532
    }
}
