{
    "max": {
        "apply_filter": 25.620055,
        "build_filter": 0.698584,
        "camera": null,
        "detect_floor": 12.966537,
        "extract_stability_metrics": 0.065438,
        "imu": 11.859061,
        "measurement_queue_produce": 0.889589,
        "network": 74.400935,
        "pointcloud": 12.373213,
        "process_queue_produce": 11.749517,
        "recording_body": null,
        "recording_imu": null,
        "save_body": 9.251167,
        "save_imu": 0.078135,
        "step": 24.24744,
        "visualize": 25.090456
    },
    "mean": {
        "apply_filter": 10.032379621022201,
        "build_filter": 0.0014280453230472497,
        "camera": null,
        "detect_floor": 3.1052256427193825,
        "extract_stability_metrics": 0.02392889483839849,
        "imu": 0.0819934329797491,
        "measurement_queue_produce": 0.04217382208293158,
        "network": 38.30004892671169,
        "pointcloud": 1.5920062025072335,
        "process_queue_produce": 0.01343522757955641,
        "recording_body": null,
        "recording_imu": null,
        "save_body": 0.24191733076181288,
        "save_imu": 0.014182420443587284,
        "step": 9.957823767969137,
        "visualize": 1.3206041683550431
    },
    "min": {
        "apply_filter": 0.845714,
        "build_filter": 0.000443,
        "camera": null,
        "detect_floor": 1.292508,
        "extract_stability_metrics": 0.016307,
        "imu": 0.003407,
        "measurement_queue_produce": 0.015036,
        "network": 23.057759,
        "pointcloud": 1.092553,
        "process_queue_produce": 0.002125,
        "recording_body": null,
        "recording_imu": null,
        "save_body": 0.158817,
        "save_imu": 0.009597,
        "step": 7.164428,
        "visualize": 0.643969
    },
    "var": {
        "apply_filter": 4.562235574027322,
        "build_filter": 0.00023546375627580247,
        "camera": 0.0,
        "detect_floor": 1.2929697485338651,
        "extract_stability_metrics": 2.7807642881792875e-05,
        "imu": 0.13453526887155012,
        "measurement_queue_produce": 0.0015061810272278585,
        "network": 42.0826914501112,
        "pointcloud": 0.2809540309268571,
        "process_queue_produce": 0.06649814342000605,
        "recording_body": 0.0,
        "recording_imu": 0.0,
        "save_body": 0.04280977544927305,
        "save_imu": 9.968297313735275e-06,
        "step": 4.429621673325202,
        "visualize": 1.9267325306993808
    }
}
