{
    "max": {
        "apply_filter": 38.777762,
        "build_filter": 0.701069,
        "camera": null,
        "detect_floor": 16.861694,
        "extract_stability_metrics": 12.049978,
        "imu": 20.486946,
        "measurement_queue_produce": 12.482802,
        "network": 82.410772,
        "pointcloud": 13.819021,
        "process_queue_produce": 1.521106,
        "recording_body": null,
        "recording_imu": null,
        "save_body": 8.248087,
        "save_imu": 0.092741,
        "step": 38.609626,
        "visualize": 29.63861
    },
    "mean": {
        "apply_filter": 10.41719490813199,
        "build_filter": 0.0014353307247363066,
        "camera": null,
        "detect_floor": 3.4166764052398713,
        "extract_stability_metrics": 0.02820327161334237,
        "imu": 0.0986672633548827,
        "measurement_queue_produce": 0.05379891051378025,
        "network": 40.30504516876487,
        "pointcloud": 1.7591166611092142,
        "process_queue_produce": 0.009591576726777826,
        "recording_body": null,
        "recording_imu": null,
        "save_body": 0.2580491296359311,
        "save_imu": 0.015098070091867994,
        "step": 10.32766917494895,
        "visualize": 1.4223890211027919
    },
    "min": {
        "apply_filter": 0.854908,
        "build_filter": 0.000463,
        "camera": null,
        "detect_floor": 1.444952,
        "extract_stability_metrics": 0.01806,
        "imu": 0.003425,
        "measurement_queue_produce": 0.017304,
        "network": 24.316993,
        "pointcloud": 1.124209,
        "process_queue_produce": 0.00268,
        "recording_body": null,
        "recording_imu": null,
        "save_body": 0.170005,
        "save_imu": 0.009692,
        "step": 7.554554,
        "visualize": 0.567741
    },
    "var": {
        "apply_filter": 6.3556416183120374,
        "build_filter": 0.00016780968800290437,
        "camera": 0.0,
        "detect_floor": 1.7298593403515152,
        "extract_stability_metrics": 0.04924634324385267,
        "imu": 0.2856474526414969,
        "measurement_queue_produce": 0.06913249529915431,
        "network": 57.2680993929832,
        "pointcloud": 0.3870442332686039,
        "process_queue_produce": 0.0017851754896328928,
        "recording_body": 0.0,
        "recording_imu": 0.0,
        "save_body": 0.030362190903528836,
        "save_imu": 1.2350237954241372e-05,
        "step": 6.204179340781423,
        "visualize": 2.689344471487442
    }
}
