{
    "max": {
        "apply_filter": 42.34144,
        "build_filter": 0.700043,
        "camera": null,
        "detect_floor": 18.394725,
        "extract_stability_metrics": 0.860636,
        "imu": 14.108104,
        "measurement_queue_produce": 14.310279,
        "network": 86.705952,
        "pointcloud": 14.127013,
        "process_queue_produce": 1.229434,
        "recording_body": null,
        "recording_imu": null,
        "save_body": 12.81655,
        "save_imu": 0.068422,
        "step": 42.26215,
        "visualize": 20.701875
    },
    "mean": {
        "apply_filter": 10.386907405741939,
        "build_filter": 0.0013672808716707024,
        "camera": null,
        "detect_floor": 3.3583058045659038,
        "extract_stability_metrics": 0.024407425951557055,
        "imu": 0.0964943012798338,
        "measurement_queue_produce": 0.05696676582497407,
        "network": 40.53452895883778,
        "pointcloud": 1.7790297080594886,
        "process_queue_produce": 0.009502077481840178,
        "recording_body": null,
        "recording_imu": null,
        "save_body": 0.2645045952957451,
        "save_imu": 0.01517602144586649,
        "step": 10.305889517993089,
        "visualize": 1.3737639480968842
    },
    "min": {
        "apply_filter": 0.847457,
        "build_filter": 0.000438,
        "camera": null,
        "detect_floor": 1.426369,
        "extract_stability_metrics": 0.017844,
        "imu": 0.003204,
        "measurement_queue_produce": 0.017394,
        "network": 23.393784,
        "pointcloud": 1.135887,
        "process_queue_produce": 0.002578,
        "recording_body": null,
        "recording_imu": null,
        "save_body": 0.1583,
        "save_imu": 0.010302,
        "step": 7.532822,
        "visualize": 0.49911
    },
    "var": {
        "apply_filter": 6.1063435300818165,
        "build_filter": 0.00017005216901243343,
        "camera": 0.0,
        "detect_floor": 1.6979314187239016,
        "extract_stability_metrics": 0.00026540567412414477,
        "imu": 0.21754440627529423,
        "measurement_queue_produce": 0.17103998314137084,
        "network": 61.17999134603084,
        "pointcloud": 0.4654445317221738,
        "process_queue_produce": 0.0010944613058514363,
        "recording_body": 0.0,
        "recording_imu": 0.0,
        "save_body": 0.06621789363979251,
        "save_imu": 1.2126047904730201e-05,
        "step": 6.032101702071769,
        "visualize": 2.032142575407935
    }
}
