{
    "max": {
        "apply_filter": 36.246208,
        "build_filter": 0.797041,
        "camera": null,
        "detect_floor": 17.883749,
        "extract_stability_metrics": 0.071949,
        "imu": 11.619256,
        "measurement_queue_produce": 10.642871,
        "network": 69.447045,
        "pointcloud": 13.455966,
        "process_queue_produce": 2.001579,
        "recording_body": null,
        "recording_imu": null,
        "save_body": 1.577892,
        "save_imu": 0.045928,
        "step": 36.184737,
        "visualize": 17.580476
    },
    "mean": {
        "apply_filter": 9.94951269971324,
        "build_filter": 0.0014202761163457616,
        "camera": null,
        "detect_floor": 3.2673696706267945,
        "extract_stability_metrics": 0.02336379098360658,
        "imu": 0.08153448462484615,
        "measurement_queue_produce": 0.059400573945104514,
        "network": 39.701544145022616,
        "pointcloud": 1.739536855387137,
        "process_queue_produce": 0.009115517410897157,
        "recording_body": null,
        "recording_imu": null,
        "save_body": 0.24899930397378134,
        "save_imu": 0.014759872078720787,
        "step": 9.877051236475417,
        "visualize": 1.2772648663934436
    },
    "min": {
        "apply_filter": 0.96185,
        "build_filter": 0.000442,
        "camera": null,
        "detect_floor": 0.063479,
        "extract_stability_metrics": 0.016904,
        "imu": 0.003073,
        "measurement_queue_produce": 0.017568,
        "network": 27.356531,
        "pointcloud": 1.128612,
        "process_queue_produce": 0.002983,
        "recording_body": null,
        "recording_imu": null,
        "save_body": 0.173883,
        "save_imu": 0.010105,
        "step": 7.547799,
        "visualize": 0.588151
    },
    "var": {
        "apply_filter": 4.973650777747348,
        "build_filter": 0.00026067673824257877,
        "camera": 0.0,
        "detect_floor": 1.2616039532014853,
        "extract_stability_metrics": 2.021066200139469e-05,
        "imu": 0.06542312035967184,
        "measurement_queue_produce": 0.11188651432361826,
        "network": 45.91469567832018,
        "pointcloud": 0.30465440174109326,
        "process_queue_produce": 0.0018394455663325857,
        "recording_body": 0.0,
        "recording_imu": 0.0,
        "save_body": 0.0034780434666288732,
        "save_imu": 9.324169369191358e-06,
        "step": 4.903509240545101,
        "visualize": 1.3304783338717083
    }
}
