{
    "max": {
        "apply_filter": 46.633186,
        "build_filter": 0.679847,
        "camera": null,
        "detect_floor": 19.61171,
        "extract_stability_metrics": 0.056013,
        "imu": 2.390728,
        "measurement_queue_produce": 8.784545,
        "network": 105.000139,
        "pointcloud": 15.987653,
        "process_queue_produce": 1.578949,
        "recording_body": null,
        "recording_imu": null,
        "save_body": 0.779349,
        "save_imu": 0.05339,
        "step": 46.570406,
        "visualize": 17.021741
    },
    "mean": {
        "apply_filter": 10.043897717086846,
        "build_filter": 0.0016630273109243673,
        "camera": null,
        "detect_floor": 3.332276719187671,
        "extract_stability_metrics": 0.023494636299929896,
        "imu": 0.0739310854341736,
        "measurement_queue_produce": 0.05553678921568625,
        "network": 40.91374994887944,
        "pointcloud": 1.711314227591034,
        "process_queue_produce": 0.009325615546218493,
        "recording_body": null,
        "recording_imu": null,
        "save_body": 0.2532004670868349,
        "save_imu": 0.015450031512605045,
        "step": 9.966618055360893,
        "visualize": 1.2667499306236865
    },
    "min": {
        "apply_filter": 0.827309,
        "build_filter": 0.000489,
        "camera": null,
        "detect_floor": 1.475182,
        "extract_stability_metrics": 0.017036,
        "imu": 0.003047,
        "measurement_queue_produce": 0.018677,
        "network": 27.118803,
        "pointcloud": 1.117258,
        "process_queue_produce": 0.002746,
        "recording_body": null,
        "recording_imu": null,
        "save_body": 0.171511,
        "save_imu": 0.010248,
        "step": 7.549613,
        "visualize": 0.548695
    },
    "var": {
        "apply_filter": 5.425072402592598,
        "build_filter": 0.00032363391216813956,
        "camera": 0.0,
        "detect_floor": 1.8866046293343668,
        "extract_stability_metrics": 1.871319442934058e-05,
        "imu": 0.005306397654167887,
        "measurement_queue_produce": 0.07158408500548395,
        "network": 56.22339415752456,
        "pointcloud": 0.420358447087703,
        "process_queue_produce": 0.0017617309455752862,
        "recording_body": 0.0,
        "recording_imu": 0.0,
        "save_body": 0.0020238810401425745,
        "save_imu": 9.788782365509426e-06,
        "step": 5.307614533865485,
        "visualize": 1.0479575472222704
    }
}
