{
    "max": {
        "apply_filter": 38.222956,
        "build_filter": 0.734851,
        "camera": null,
        "detect_floor": 17.022824,
        "extract_stability_metrics": 2.09972,
        "imu": 11.616885,
        "measurement_queue_produce": 13.469118,
        "network": 76.075299,
        "pointcloud": 15.254999,
        "process_queue_produce": 2.311415,
        "recording_body": null,
        "recording_imu": null,
        "save_body": 11.831863,
        "save_imu": 0.291976,
        "step": 38.129371,
        "visualize": 25.704368
    },
    "mean": {
        "apply_filter": 10.106345790063184,
        "build_filter": 0.0013126700172314727,
        "camera": null,
        "detect_floor": 3.19262674899483,
        "extract_stability_metrics": 0.0249202395863257,
        "imu": 0.08602772499999997,
        "measurement_queue_produce": 0.0528376720275704,
        "network": 39.401306838885624,
        "pointcloud": 1.7224351680068886,
        "process_queue_produce": 0.009808238943136137,
        "recording_body": null,
        "recording_imu": null,
        "save_body": 0.2514719101091324,
        "save_imu": 0.014748199137931064,
        "step": 10.027612005458202,
        "visualize": 1.3446401534041974
    },
    "min": {
        "apply_filter": 0.892182,
        "build_filter": 0.000419,
        "camera": null,
        "detect_floor": 0.092014,
        "extract_stability_metrics": 0.016606,
        "imu": 0.002695,
        "measurement_queue_produce": 0.017209,
        "network": 25.001462,
        "pointcloud": 1.090157,
        "process_queue_produce": 0.002799,
        "recording_body": null,
        "recording_imu": null,
        "save_body": 0.171281,
        "save_imu": 0.009861,
        "step": 7.197872,
        "visualize": 0.563978
    },
    "var": {
        "apply_filter": 5.340469195580755,
        "build_filter": 0.00015569314281179347,
        "camera": 0.0,
        "detect_floor": 1.389845525136346,
        "extract_stability_metrics": 0.001442039983164995,
        "imu": 0.0949476091334628,
        "measurement_queue_produce": 0.06937990502406008,
        "network": 52.217422236010265,
        "pointcloud": 0.3711415981048551,
        "process_queue_produce": 0.003117411041192525,
        "recording_body": 0.0,
        "recording_imu": 0.0,
        "save_body": 0.05220767573369005,
        "save_imu": 3.193515336504669e-05,
        "step": 5.273679191069076,
        "visualize": 1.7189036260336075
    }
}
